{
  "training_info": {
    "element": "CU",
    "dataset": "MAIN",
    "sample_limit": 1000,
    "pipeline_id": "20250713_223515",
    "training_start": "2025-07-13T22:35:15.163774",
    "training_duration_seconds": 16.920270204544067,
    "total_samples": 1000,
    "features_count": 59
  },
  "data_split": {
    "training_samples": 640,
    "validation_samples": 160,
    "test_samples": 200,
    "training_percentage": 64.0,
    "validation_percentage": 16.0,
    "test_percentage": 20.0
  },
  "performance_metrics": {
    "test_metrics": {
      "rmse": 815.2718929867772,
      "r2_score": 0.8605191122653488,
      "mae": 87.43598231554031,
      "mse": 664668.2594942431,
      "explained_variance": 0.8617158604553883,
      "mape": 2.120721933930975,
      "bias": -75.51730942487717,
      "relative_bias_percent": -12.153405098412321,
      "cutoff_100ppm_accuracy": 0.995,
      "cutoff_500ppm_accuracy": 0.995,
      "cutoff_1000ppm_accuracy": 0.995,
      "cutoff_2000ppm_accuracy": 1.0
    },
    "train_metrics": {
      "rmse": 12.172305631948998,
      "r2_score": 0.9998954157641721,
      "mae": 1.384120886027813,
      "mse": 148.16502439757727,
      "explained_variance": 0.9998955907603113,
      "mape": 1.414459643104772,
      "bias": -0.49791357666254044,
      "relative_bias_percent": -0.13476387871345902,
      "cutoff_100ppm_accuracy": 0.996875,
      "cutoff_500ppm_accuracy": 0.9984375,
      "cutoff_1000ppm_accuracy": 1.0,
      "cutoff_2000ppm_accuracy": 0.9984375
    },
    "cv_metrics": {
      "neg_mean_squared_error_mean": -84734.96622732989,
      "neg_mean_squared_error_std": 120411.21692956003,
      "neg_mean_squared_error_scores": [
        -323495.0402188737,
        -15851.761228861897,
        -40947.420779155924,
        -42623.87864322556,
        -756.7302665323701
      ],
      "neg_mean_absolute_error_mean": -35.898694708198306,
      "neg_mean_absolute_error_std": 24.300332062712258,
      "neg_mean_absolute_error_scores": [
        -78.46229897812009,
        -19.111238315701485,
        -32.98747845366597,
        -41.62976381927729,
        -7.302693974226713
      ],
      "r2_mean": 0.9624323368729264,
      "r2_std": 0.03436272799209461,
      "r2_scores": [
        0.8984624225967428,
        0.9843620566116126,
        0.9589709169607503,
        0.9732721628535072,
        0.9970941253420191
      ],
      "rmse_mean": 291.09271070799747,
      "rmse_std": 120411.21692956003,
      "mae_mean": 35.898694708198306,
      "mae_std": 24.300332062712258
    }
  },
  "model_files": {
    "model_path": "data\\models\\grade_model_20250713_223515.joblib",
    "pipeline_id": "20250713_223515"
  },
  "report_timestamp": "2025-07-13T22:35:32.098339"
}