{
  "training_info": {
    "element": "CU",
    "dataset": "MAIN",
    "sample_limit": 5000,
    "pipeline_id": "20250713_224414",
    "training_start": "2025-07-13T22:44:14.192066",
    "training_duration_seconds": 21.93816089630127,
    "total_samples": 5000,
    "features_count": 59,
    "random_seed": 42,
    "sampling_method": "stratified_random"
  },
  "data_split": {
    "training_samples": 3200,
    "validation_samples": 800,
    "test_samples": 1000,
    "training_percentage": 64.0,
    "validation_percentage": 16.0,
    "test_percentage": 20.0
  },
  "performance_metrics": {
    "test_metrics": {
      "rmse": 195.73004949582253,
      "r2_score": 0.9844460176904286,
      "mae": 20.41714577436447,
      "mse": 38310.25227563713,
      "explained_variance": 0.9844830047669789,
      "mape": 4.366337847761329,
      "bias": -9.54468738603592,
      "relative_bias_percent": -2.0452865018532296,
      "cutoff_100ppm_accuracy": 0.997,
      "cutoff_500ppm_accuracy": 0.999,
      "cutoff_1000ppm_accuracy": 1.0,
      "cutoff_2000ppm_accuracy": 1.0
    },
    "train_metrics": {
      "rmse": 11.16949275121381,
      "r2_score": 0.9999474162638764,
      "mae": 3.083602620661259,
      "mse": 124.75756831941784,
      "explained_variance": 0.9999474205214879,
      "mape": 5.696549044124193,
      "bias": -0.10050571173429489,
      "relative_bias_percent": -0.02251813321209592,
      "cutoff_100ppm_accuracy": 0.9925,
      "cutoff_500ppm_accuracy": 0.99875,
      "cutoff_1000ppm_accuracy": 1.0,
      "cutoff_2000ppm_accuracy": 0.999375
    },
    "cv_metrics": {
      "neg_mean_squared_error_mean": -80548.26305943036,
      "neg_mean_squared_error_std": 69605.8497042951,
      "neg_mean_squared_error_scores": [
        -63257.512830284926,
        -153588.04516345184,
        -7210.308607885439,
        -170144.8007138894,
        -8540.647981640175
      ],
      "neg_mean_absolute_error_mean": -24.845191100612286,
      "neg_mean_absolute_error_std": 8.877274655294078,
      "neg_mean_absolute_error_scores": [
        -25.419516701996326,
        -38.07145377136767,
        -14.966258780658245,
        -30.417063699662684,
        -15.351662549376488
      ],
      "r2_mean": 0.9692177563185614,
      "r2_std": 0.0277208211435248,
      "r2_scores": [
        0.9818599138952628,
        0.9504837062568431,
        0.994622252948178,
        0.9242092686276882,
        0.9949136398648349
      ],
      "rmse_mean": 283.8102589044842,
      "rmse_std": 69605.8497042951,
      "mae_mean": 24.845191100612286,
      "mae_std": 8.877274655294078
    }
  },
  "model_files": {
    "model_path": "data\\models\\grade_model_20250713_224414.joblib",
    "pipeline_id": "20250713_224414"
  },
  "report_timestamp": "2025-07-13T22:44:36.138444"
}